NumNodes,NumEdges,DirectTime_s,PowerIterTime_s,Speedup,L2Difference
10,11,9.846687e-05,2.400398e-03,24.3777,2.696637e-01
20,25,9.346008e-05,5.772114e-04,6.1760,7.075838e-06
50,64,5.583763e-04,1.096964e-03,1.9646,4.811665e-07
100,131,9.443760e-04,2.172470e-03,2.3004,4.852586e-07
200,264,3.894091e-03,2.554178e-03,0.6559,4.865760e-07
500,665,2.194595e-02,2.981544e-02,1.3586,3.901317e-05
